{"third": [{"item": 3116.0, "value": 0.42857142857142855}, {"item": 3085.0, "value": 0.42857142857142855}, {"item": 3153.0, "value": 0.14285714285714285}], "region": "RU", "boots": [{"item": 3006.0, "value": 1.0}], "patch": "5.14", "second": [{"item": 3115.0, "value": 1.0}], "champ": 10.0, "tier": "DIAMOND", "first": [{"item": 3726.0, "value": 1.0}]}