{"third": [{"item": 3085.0, "value": 0.6666666666666666}, {"item": 3135.0, "value": 0.3333333333333333}], "region": "NA", "boots": [{"item": 3006.0, "value": 0.6666666666666666}, {"item": 3158.0, "value": 0.3333333333333333}], "patch": "5.11", "second": [{"item": 3100.0, "value": 1.0}], "champ": 10.0, "tier": "DIAMOND", "first": [{"item": 3115.0, "value": 1.0}]}