{"third": [{"item": 3156.0, "value": 0.6666666666666666}, {"item": 3153.0, "value": 0.3333333333333333}], "region": "BR", "boots": [{"item": 3158.0, "value": 0.3333333333333333}, {"item": 3006.0, "value": 0.3333333333333333}, {"item": 3111.0, "value": 0.3333333333333333}], "patch": "5.14", "second": [{"item": 3142.0, "value": 1.0}], "champ": 114.0, "tier": "DIAMOND", "first": [{"item": 3074.0, "value": 1.0}]}