{"third": [{"item": 3074.0, "value": 0.6666666666666666}, {"item": 3035.0, "value": 0.3333333333333333}], "region": "BR", "boots": [{"item": 3111.0, "value": 0.6666666666666666}, {"item": 3117.0, "value": 0.3333333333333333}], "patch": "5.14", "second": [{"item": 3035.0, "value": 0.6666666666666666}, {"item": 3071.0, "value": 0.3333333333333333}], "champ": 121.0, "tier": "DIAMOND", "first": [{"item": 3723.0, "value": 1.0}]}