{"third": [{"item": 3035.0, "value": 1.0}], "region": "KR", "boots": [{"item": 3006.0, "value": 0.6666666666666666}, {"item": 3111.0, "value": 0.3333333333333333}], "patch": "5.14", "second": [{"item": 3142.0, "value": 1.0}], "champ": 133.0, "tier": "PLATINUM", "first": [{"item": 3153.0, "value": 1.0}]}