{"third": [{"item": 3110.0, "value": 0.6666666666666666}, {"item": 3075.0, "value": 0.3333333333333333}], "region": "NA", "boots": [{"item": 3111.0, "value": 1.0}], "patch": "5.14", "second": [{"item": 3102.0, "value": 0.6666666666666666}, {"item": 3800.0, "value": 0.3333333333333333}], "champ": 14.0, "tier": "DIAMOND", "first": [{"item": 3068.0, "value": 0.6666666666666666}, {"item": 3110.0, "value": 0.3333333333333333}]}