{"third": [{"item": 3143.0, "value": 1.0}], "region": "BR", "boots": [{"item": 3111.0, "value": 0.6666666666666666}, {"item": 3047.0, "value": 0.3333333333333333}], "patch": "5.14", "second": [{"item": 3153.0, "value": 1.0}], "champ": 24.0, "tier": "DIAMOND", "first": [{"item": 3726.0, "value": 0.6666666666666666}, {"item": 3078.0, "value": 0.3333333333333333}]}