{"third": [{"item": 3075.0, "value": 0.5}, {"item": 3065.0, "value": 0.3333333333333333}, {"item": 3800.0, "value": 0.16666666666666666}], "region": "EUNE", "boots": [{"item": 3117.0, "value": 1.0}], "patch": "5.11", "second": [{"item": 3800.0, "value": 0.6666666666666666}, {"item": 3075.0, "value": 0.3333333333333333}], "champ": 33.0, "tier": "DIAMOND", "first": [{"item": 3725.0, "value": 1.0}]}