{"third": [{"item": 3135.0, "value": 1.0}], "region": "LAN", "boots": [{"item": 3020.0, "value": 1.0}], "patch": "5.11", "second": [{"item": 3285.0, "value": 0.6666666666666666}, {"item": 3157.0, "value": 0.3333333333333333}], "champ": 38.0, "tier": "DIAMOND", "first": [{"item": 3027.0, "value": 1.0}]}