{"third": [{"item": 3089.0, "value": 0.6666666666666666}, {"item": 3165.0, "value": 0.3333333333333333}], "region": "KR", "boots": [{"item": 3020.0, "value": 0.6666666666666666}, {"item": 3158.0, "value": 0.3333333333333333}], "patch": "5.14", "second": [{"item": 3157.0, "value": 1.0}], "champ": 38.0, "tier": "PLATINUM", "first": [{"item": 3027.0, "value": 1.0}]}