{"third": [{"item": 3035.0, "value": 0.6363636363636364}, {"item": 3072.0, "value": 0.2727272727272727}, {"item": 3085.0, "value": 0.09090909090909091}], "region": "OCE", "boots": [{"item": 3006.0, "value": 1.0}], "patch": "5.11", "second": [{"item": 3046.0, "value": 0.7272727272727273}, {"item": 3087.0, "value": 0.2727272727272727}], "champ": 51.0, "tier": "DIAMOND", "first": [{"item": 3031.0, "value": 1.0}]}