{"third": [{"item": 3035.0, "value": 1.0}], "region": "EUNE", "boots": [{"item": 3111.0, "value": 0.3333333333333333}, {"item": 3158.0, "value": 0.3333333333333333}, {"item": 3047.0, "value": 0.3333333333333333}], "patch": "5.14", "second": [{"item": 3071.0, "value": 0.6666666666666666}, {"item": 3025.0, "value": 0.3333333333333333}], "champ": 6.0, "tier": "PLATINUM", "first": [{"item": 3004.0, "value": 1.0}]}