{"third": [{"item": 3001.0, "value": 0.3333333333333333}, {"item": 3157.0, "value": 0.3333333333333333}, {"item": 3285.0, "value": 0.3333333333333333}], "region": "NA", "boots": [{"item": 3020.0, "value": 1.0}], "patch": "5.14", "second": [{"item": 3003.0, "value": 1.0}], "champ": 69.0, "tier": "PLATINUM", "first": [{"item": 3116.0, "value": 0.6666666666666666}, {"item": 3157.0, "value": 0.3333333333333333}]}