{"third": [{"item": 3089.0, "value": 0.6666666666666666}, {"item": 3157.0, "value": 0.3333333333333333}], "region": "NA", "boots": [{"item": 3020.0, "value": 0.6666666666666666}, {"item": 3111.0, "value": 0.3333333333333333}], "patch": "5.11", "second": [{"item": 3001.0, "value": 0.6666666666666666}, {"item": 3157.0, "value": 0.3333333333333333}], "champ": 82.0, "tier": "DIAMOND", "first": [{"item": 3152.0, "value": 1.0}]}