{"third": [{"item": 3100.0, "value": 0.3333333333333333}, {"item": 3285.0, "value": 0.3333333333333333}, {"item": 3135.0, "value": 0.3333333333333333}], "region": "OCE", "boots": [{"item": 3020.0, "value": 1.0}], "patch": "5.14", "second": [{"item": 3157.0, "value": 1.0}], "champ": 84.0, "tier": "DIAMOND", "first": [{"item": 3146.0, "value": 1.0}]}