{"third": [{"item": 3089.0, "value": 0.6666666666666666}, {"item": 3151.0, "value": 0.3333333333333333}], "region": "LAN", "boots": [{"item": 3020.0, "value": 1.0}], "patch": "5.11", "second": [{"item": 3152.0, "value": 0.3333333333333333}, {"item": 3001.0, "value": 0.3333333333333333}, {"item": 3151.0, "value": 0.3333333333333333}], "champ": 85.0, "tier": "PLATINUM", "first": [{"item": 3157.0, "value": 1.0}]}