{"third": [{"item": 3035.0, "value": 0.8333333333333334}, {"item": 3172.0, "value": 0.16666666666666666}], "region": "KR", "boots": [{"item": 3006.0, "value": 1.0}], "patch": "5.14", "second": [{"item": 3153.0, "value": 0.8333333333333334}, {"item": 3046.0, "value": 0.16666666666666666}], "champ": 96.0, "tier": "DIAMOND", "first": [{"item": 3078.0, "value": 0.8333333333333334}, {"item": 3153.0, "value": 0.16666666666666666}]}