{"third": [{"item": 3143.0, "value": 1.0}], "region": "TR", "boots": [{"item": 3047.0, "value": 0.6666666666666666}, {"item": 3111.0, "value": 0.3333333333333333}], "patch": "5.11", "second": [{"item": 3065.0, "value": 0.3333333333333333}, {"item": 3075.0, "value": 0.3333333333333333}, {"item": 3102.0, "value": 0.3333333333333333}], "champ": 98.0, "tier": "DIAMOND", "first": [{"item": 3068.0, "value": 1.0}]}