{"third": [{"item": 3065.0, "value": 0.3333333333333333}, {"item": 3102.0, "value": 0.3333333333333333}, {"item": 3078.0, "value": 0.3333333333333333}], "region": "BR", "boots": [{"item": 3047.0, "value": 1.0}], "patch": "5.14", "second": [{"item": 3078.0, "value": 0.6666666666666666}, {"item": 3065.0, "value": 0.3333333333333333}], "champ": 120.0, "tier": "DIAMOND", "first": [{"item": 3110.0, "value": 1.0}]}