{"third": [{"item": 3110.0, "value": 0.6666666666666666}, {"item": 3135.0, "value": 0.3333333333333333}], "region": "TR", "boots": [{"item": 3111.0, "value": 0.6666666666666666}, {"item": 3020.0, "value": 0.3333333333333333}], "patch": "5.14", "second": [{"item": 3003.0, "value": 0.6666666666666666}, {"item": 3001.0, "value": 0.3333333333333333}], "champ": 13.0, "tier": "DIAMOND", "first": [{"item": 3027.0, "value": 1.0}]}