{"third": [{"item": 3285.0, "value": 0.6666666666666666}, {"item": 3116.0, "value": 0.3333333333333333}], "region": "EUNE", "boots": [{"item": 3020.0, "value": 1.0}], "patch": "5.14", "second": [{"item": 3151.0, "value": 0.6666666666666666}, {"item": 3089.0, "value": 0.3333333333333333}], "champ": 161.0, "tier": "DIAMOND", "first": [{"item": 3165.0, "value": 0.6666666666666666}, {"item": 3092.0, "value": 0.3333333333333333}]}