{"third": [{"item": 3110.0, "value": 1.0}], "region": "BR", "boots": [{"item": 3117.0, "value": 1.0}], "patch": "5.11", "second": [{"item": 3065.0, "value": 0.3333333333333333}, {"item": 3068.0, "value": 0.3333333333333333}, {"item": 3153.0, "value": 0.3333333333333333}], "champ": 19.0, "tier": "DIAMOND", "first": [{"item": 3726.0, "value": 0.6666666666666666}, {"item": 3725.0, "value": 0.3333333333333333}]}