{"third": [{"item": 3110.0, "value": 0.6666666666666666}, {"item": 3026.0, "value": 0.3333333333333333}], "region": "LAN", "boots": [{"item": 3117.0, "value": 0.6666666666666666}, {"item": 3111.0, "value": 0.3333333333333333}], "patch": "5.11", "second": [{"item": 3153.0, "value": 0.6666666666666666}, {"item": 3022.0, "value": 0.3333333333333333}], "champ": 19.0, "tier": "DIAMOND", "first": [{"item": 3726.0, "value": 1.0}]}