{"third": [{"item": 3153.0, "value": 0.6666666666666666}, {"item": 3031.0, "value": 0.3333333333333333}], "region": "TR", "boots": [{"item": 3020.0, "value": 1.0}], "patch": "5.11", "second": [{"item": 3031.0, "value": 0.6666666666666666}, {"item": 3153.0, "value": 0.3333333333333333}], "champ": 42.0, "tier": "DIAMOND", "first": [{"item": 3078.0, "value": 1.0}]}