{"third": [{"item": 3151.0, "value": 0.6666666666666666}, {"item": 3135.0, "value": 0.3333333333333333}], "region": "LAN", "boots": [{"item": 3020.0, "value": 1.0}], "patch": "5.14", "second": [{"item": 3157.0, "value": 1.0}], "champ": 50.0, "tier": "DIAMOND", "first": [{"item": 3027.0, "value": 1.0}]}